X,Y,Pressure,TiltX,TiltY,Time,Color
443.6025,288.8,0.107177734375,7164.0,8634.0,2.1573714,0
442.4625,287.533333333333,0.131103515625,7227.0,10942.0,2.1573714,0
442.1775,287.026666666667,0.1435546875,7472.0,11266.0,2.1734487,0
441.3225,286.266666666667,0.169677734375,8390.0,11852.0,2.1886622,0
440.7525,285.76,0.181884765625,9542.0,12053.0,2.1886622,0
440.7525,285.76,0.181884765625,9781.0,12018.0,2.2042411,0
440.7525,285.76,0.1796875,10413.0,12126.0,2.2234037,0
439.6125,286.013333333333,0.174560546875,11203.0,12063.0,2.2391913,0
438.9,286.393333333333,0.174560546875,11427.0,11914.0,2.2549875,0
438.33,286.646666666667,0.174560546875,11563.0,11806.0,2.2703382,0
437.9025,286.646666666667,0.10205078125,11698.0,11849.0,2.2703382,0
436.4775,288.166666666667,0.06103515625,12273.0,12021.0,2.3389956,0
436.4775,288.42,0.06103515625,12273.0,12021.0,2.3548767,0
435.9075,289.18,0.11083984375,12273.0,12021.0,2.3548767,0
435.9075,289.18,0.13818359375,12273.0,12021.0,2.370278,0
435.6225,289.686666666667,0.17626953125,12273.0,12021.0,2.4014849,0
435.48,289.94,0.19140625,12273.0,12021.0,2.4079964,0
435.195,290.066666666667,0.22412109375,12273.0,12021.0,2.4236341,0
434.91,290.066666666667,0.24560546875,12273.0,12021.0,2.4392593,0
434.4825,290.193333333333,0.269775390625,12273.0,12021.0,2.4548816,0
433.9125,290.573333333333,0.315673828125,12273.0,12021.0,2.4706829,0
433.3425,291.333333333333,0.356689453125,12273.0,12021.0,2.4861284,0
432.63,292.346666666667,0.376708984375,12273.0,12021.0,2.5017364,0
432.4875,292.853333333333,0.39013671875,12273.0,12021.0,2.5017364,0
432.345,293.233333333333,0.39599609375,12273.0,12021.0,2.5238805,0
431.775,295.386666666667,0.42724609375,12273.0,12021.0,2.5395087,0
431.0625,298.173333333333,0.457275390625,12273.0,12021.0,2.5395087,0
430.92,298.68,0.46337890625,12273.0,12021.0,2.5551303,0
430.635,300.706666666667,0.481689453125,12273.0,12021.0,2.5551303,0
430.4925,301.466666666667,0.485595703125,12273.0,12021.0,2.5707515,0
430.4925,303.493333333333,0.4951171875,12273.0,12021.0,2.5865063,0
430.2075,306.28,0.4951171875,12273.0,12021.0,2.6021437,0
430.4925,309.193333333333,0.4951171875,12273.0,12021.0,2.6241792,0
431.205,313.246666666667,0.5048828125,12227.0,11976.0,2.6398449,0
432.2025,315.906666666667,0.5283203125,12227.0,11976.0,2.6398449,0
432.345,316.54,0.537353515625,12227.0,11976.0,2.6551546,0
432.915,318.313333333333,0.5576171875,12227.0,11976.0,2.6707252,0
434.1975,320.846666666667,0.580322265625,12247.0,11952.0,2.6707252,0
434.625,321.48,0.586669921875,12247.0,11952.0,2.6862757,0
435.3375,323.506666666667,0.604736328125,12247.0,11952.0,2.7018977,0
437.19,326.293333333333,0.62939453125,12247.0,11952.0,2.7084054,0
437.9025,327.306666666667,0.641845703125,12247.0,11952.0,2.724042,0
438.9,328.826666666667,0.66943359375,12247.0,11952.0,2.724042,0
439.3275,329.206666666667,0.67138671875,12247.0,11952.0,2.7494584,0
440.61,330.726666666667,0.674560546875,12268.0,11927.0,2.751604,0
441.6075,332.12,0.685546875,12254.0,11819.0,2.7672376,0
445.17,334.4,0.694580078125,12037.0,11533.0,2.7828538,0
447.45,336.046666666667,0.700439453125,11866.0,11254.0,2.8085449,0
450.015,337.82,0.704345703125,11852.0,11166.0,2.8241765,0
452.865,339.846666666667,0.70654296875,11852.0,11166.0,2.8398008,0
455.145,341.366666666667,0.7353515625,11888.0,11110.0,2.8554314,0
457.2825,342.506666666667,0.744384765625,11905.0,11082.0,2.8712259,0
459.705,343.52,0.748291015625,11943.0,11016.0,2.8712259,0
460.56,343.773333333333,0.748291015625,11943.0,11016.0,2.8867136,0
462.84,344.786666666667,0.754150390625,11957.0,10991.0,2.8867136,0
463.695,345.04,0.754150390625,11970.0,10966.0,2.902285,0
465.975,345.673333333333,0.760009765625,11970.0,10966.0,2.9088033,0
465.975,345.673333333333,0.763916015625,11917.0,10927.0,2.924667,0
468.3975,346.56,0.771728515625,11917.0,10927.0,2.9424751,0
470.9625,347.446666666667,0.780029296875,11868.0,10891.0,2.9424751,0
471.675,347.826666666667,0.7822265625,11868.0,10891.0,2.9581022,0
474.6675,349.22,0.795166015625,11868.0,10891.0,2.9737299,0
477.2325,350.36,0.798828125,11868.0,10891.0,2.9893516,0
480.0825,351.626666666667,0.8046875,11868.0,10891.0,3.0089894,0
485.4975,354.16,0.816650390625,11868.0,10891.0,3.024615,0
488.775,355.426666666667,0.828125,11672.0,10749.0,3.0402424,0
491.34,355.553333333333,0.841552734375,11624.0,10716.0,3.0402424,0
491.91,355.68,0.847412109375,11624.0,10716.0,3.0558692,0
494.0475,355.806666666667,0.859619140625,11574.0,10680.0,3.071482,0
497.61,356.06,0.859375,11574.0,10680.0,3.0871139,0
501.1725,355.933333333333,0.867431640625,11574.0,10680.0,3.0871139,0
502.3125,355.806666666667,0.869384765625,11574.0,10680.0,3.1027865,0
505.875,355.68,0.876708984375,11574.0,10680.0,3.1254138,0
510.15,355.173333333333,0.88818359375,11574.0,10680.0,3.1254138,0
511.005,354.92,0.891357421875,11519.0,10641.0,3.1405472,0
513.9975,354.16,0.900146484375,11519.0,10641.0,3.1405472,0
514.8525,354.033333333333,0.90283203125,11519.0,10641.0,3.1561682,0
518.13,353.526666666667,0.910400390625,11519.0,10641.0,3.1717831,0
524.8275,351.12,0.9296875,11369.0,10537.0,3.1717831,0
525.825,350.613333333333,0.9296875,11369.0,10537.0,3.1874038,0
529.1025,349.346666666667,0.92724609375,11369.0,10537.0,3.2095566,0
533.0925,347.953333333333,0.92919921875,11332.0,10482.0,3.2095566,0
534.2325,347.573333333333,0.92919921875,11301.0,10425.0,3.2253356,0
538.935,345.293333333333,0.93505859375,11255.0,10394.0,3.2408468,0
542.355,343.14,0.93896484375,11207.0,10363.0,3.2564292,0
545.9175,340.606666666667,0.94091796875,11207.0,10363.0,3.2564292,0
546.7725,339.973333333333,0.94287109375,11207.0,10363.0,3.2720502,0
549.0525,337.946666666667,0.94287109375,11207.0,10363.0,3.2876774,0
551.9025,335.033333333333,0.94482421875,11207.0,10363.0,3.3033019,0
554.325,331.613333333333,0.94677734375,11087.0,10284.0,3.3254487,0
557.6025,323.886666666667,0.948974609375,11036.0,10251.0,3.3254487,0
557.8875,322.493333333333,0.948974609375,11036.0,10251.0,3.3410759,0
559.17,317.933333333333,0.948974609375,11036.0,10251.0,3.3566954,0
560.1675,311.853333333333,0.94677734375,11016.0,10287.0,3.3723264,0
560.88,304.506666666667,0.94873046875,10989.0,10332.0,3.3723264,0
560.88,303.24,0.951904296875,10989.0,10332.0,3.3879735,0
560.7375,299.693333333333,0.948974609375,10989.0,10332.0,3.4035608,0
560.595,298.553333333333,0.945068359375,10989.0,10332.0,3.4035608,0
560.31,296.4,0.941162109375,10978.0,10350.0,3.4100774,0
559.74,294.5,0.941162109375,10950.0,10393.0,3.4257231,0
557.46,289.18,0.93603515625,10902.0,10463.0,3.4257231,0
557.0325,288.166666666667,0.93603515625,10902.0,10463.0,3.4413423,0
555.18,285.126666666667,0.93115234375,10877.0,10497.0,3.4413423,0
554.61,284.113333333333,0.93115234375,10877.0,10497.0,3.4569959,0
552.615,281.453333333333,0.93115234375,10877.0,10497.0,3.4726203,0
550.4775,278.16,0.93115234375,10877.0,10497.0,3.4726203,0
549.765,277.526666666667,0.93115234375,10913.0,10557.0,3.4881921,0
547.77,275.753333333333,0.925537109375,10871.0,10610.0,3.4881921,0
547.0575,275.246666666667,0.925537109375,10857.0,10626.0,3.5038273,0
544.92,273.6,0.92138671875,10897.0,10663.0,3.5260503,0
540.7875,270.433333333333,0.92138671875,10945.0,10706.0,3.5260503,0
540.2175,269.926666666667,0.92138671875,10945.0,10706.0,3.541678,0
537.9375,268.66,0.92138671875,10945.0,10706.0,3.5572991,0
534.5175,266.633333333333,0.92138671875,10945.0,10706.0,3.5572991,0
533.6625,266.126666666667,0.92333984375,10945.0,10706.0,3.5729119,0
530.1,264.733333333333,0.92333984375,10914.0,10742.0,3.5885308,0
526.11,263.466666666667,0.92138671875,10911.0,10837.0,3.6041941,0
521.835,262.453333333333,0.92138671875,10955.0,10880.0,3.6107071,0
519.84,261.946666666667,0.92138671875,10955.0,10880.0,3.6263361,0
515.565,261.313333333333,0.92138671875,11042.0,10963.0,3.6419607,0
510.435,260.426666666667,0.92333984375,11082.0,11002.0,3.6575827,0
503.595,259.92,0.92041015625,11225.0,11140.0,3.6732028,0
498.18,259.666666666667,0.92041015625,11318.0,11231.0,3.6732028,0
496.6125,259.666666666667,0.92041015625,11318.0,11231.0,3.689033,0
492.0525,259.92,0.91845703125,11318.0,11231.0,3.689033,0
490.3425,260.046666666667,0.91845703125,11318.0,11231.0,3.7044513,0
486.78,260.426666666667,0.91845703125,11318.0,11231.0,3.7044513,0
485.07,260.68,0.91845703125,11318.0,11231.0,3.7265951,0
475.095,262.073333333333,0.91650390625,11411.0,11321.0,3.7265951,0
473.1,262.326666666667,0.91650390625,11411.0,11321.0,3.7423508,0
467.2575,263.466666666667,0.91455078125,11411.0,11321.0,3.7579854,0
460.1325,265.24,0.91455078125,11411.0,11321.0,3.7579854,0
458.565,265.746666666667,0.91455078125,11470.0,11379.0,3.7734566,0
453.8625,267.393333333333,0.91455078125,11564.0,11470.0,3.7890776,0
447.165,269.546666666667,0.91259765625,11608.0,11513.0,3.8112703,0
439.185,273.473333333333,0.91259765625,11654.0,11558.0,3.8269175,0
432.4875,278.666666666667,0.904296875,11698.0,11600.0,3.8429171,0
430.2075,281.2,0.89990234375,11698.0,11600.0,3.8429171,0
429.0675,282.72,0.894287109375,11742.0,11643.0,3.8583462,0
425.6475,287.533333333333,0.87548828125,11742.0,11643.0,3.8741268,0
421.9425,295.133333333333,0.824462890625,11816.0,11560.0,3.8741268,0
421.3725,297.286666666667,0.795654296875,11840.0,11531.0,3.8894296,0
419.805,303.62,0.698486328125,11914.0,11438.0,3.8894296,0
325.0425,322.493333333333,0.030517578125,13352.0,11985.0,6.2170325,0
324.7575,323.506666666667,0.030517578125,13352.0,11985.0,6.2170325,0
324.4725,324.013333333333,0.063232421875,13352.0,11985.0,6.2235384,0
324.33,324.52,0.10205078125,13352.0,11985.0,6.2391971,0
324.045,327.18,0.214599609375,13352.0,11985.0,6.2391971,0
323.9025,327.94,0.227783203125,13352.0,11985.0,6.2548591,0
323.9025,330.6,0.264404296875,13352.0,11985.0,6.2548591,0
323.9025,331.36,0.276123046875,13352.0,11985.0,6.2704805,0
324.33,334.273333333333,0.3076171875,13352.0,11985.0,6.2704805,0
324.4725,335.286666666667,0.317138671875,13352.0,11985.0,6.2861074,0
325.0425,338.453333333333,0.34619140625,13352.0,11985.0,6.2861074,0
325.3275,339.466666666667,0.35595703125,13352.0,11985.0,6.3017069,0
326.325,343.14,0.38427734375,13352.0,11985.0,6.3236311,0
328.035,348.206666666667,0.42236328125,13352.0,11985.0,6.3392589,0
331.17,356.313333333333,0.484619140625,13329.0,11859.0,6.3392589,0
331.8825,357.58,0.491455078125,13269.0,11745.0,6.3549075,0
334.02,361.633333333333,0.509033203125,13315.0,11621.0,6.3705062,0
337.155,367.206666666667,0.5546875,13328.0,11583.0,6.386128,0
340.86,372.78,0.572021484375,13353.0,11504.0,6.386128,0
342.0,374.3,0.579833984375,13353.0,11504.0,6.4017445,0
345.99,379.746666666667,0.61328125,13249.0,11426.0,6.4017445,0
347.13,381.14,0.6201171875,13262.0,11386.0,6.4173643,0
350.9775,385.7,0.640625,13251.0,11214.0,6.4240192,0
352.26,387.22,0.647216796875,13212.0,11128.0,6.4396465,0
357.96,393.173333333333,0.67431640625,13209.0,10873.0,6.4396465,0
359.385,394.566666666667,0.681396484375,13156.0,10795.0,6.455277,0
363.66,398.746666666667,0.701904296875,12996.0,10657.0,6.455277,0
364.9425,400.013333333333,0.70849609375,12939.0,10625.0,6.4708875,0
369.36,403.686666666667,0.72900390625,12829.0,10566.0,6.486515,0
374.775,408.12,0.7578125,12797.0,10418.0,6.5021369,0
381.4725,413.44,0.7890625,12596.0,10093.0,6.5177584,0
386.6025,417.113333333333,0.80712890625,12571.0,9923.0,6.5177584,0
387.885,418.0,0.811279296875,12576.0,9886.0,6.5399091,0
395.7225,422.686666666667,0.827880859375,12474.0,9854.0,6.5555356,0
401.9925,425.346666666667,0.837158203125,12251.0,9752.0,6.5555356,0
403.4175,426.106666666667,0.839111328125,12193.0,9736.0,6.5711576,0
406.2675,427.246666666667,0.843505859375,12199.0,9699.0,6.5711576,0
407.835,427.88,0.845947265625,12199.0,9699.0,6.5868349,0
414.105,430.16,0.855224609375,12043.0,9551.0,6.6024084,0
415.53,430.666666666667,0.857421875,11981.0,9537.0,6.6024084,0
418.8075,431.68,0.86181640625,11990.0,9466.0,6.6184518,0
426.93,433.58,0.873779296875,11783.0,9262.0,6.6400829,0
435.48,436.113333333333,0.889892578125,11729.0,9107.0,6.6557778,0
440.895,437.633333333333,0.899658203125,11730.0,8946.0,6.6713274,0
446.7375,439.026666666667,0.910400390625,11547.0,8916.0,6.6869527,0
452.4375,440.166666666667,0.917236328125,11342.0,8873.0,6.7025757,0
458.28,441.18,0.922119140625,11335.0,8764.0,6.7181957,0
466.4025,442.193333333333,0.926025390625,11335.0,8764.0,6.7403359,0
474.3825,443.206666666667,0.93017578125,11065.0,8794.0,6.7403359,0
476.0925,443.46,0.93212890625,11009.0,8780.0,6.7559567,0
481.08,443.966666666667,0.934326171875,11001.0,8705.0,6.7559567,0
482.79,444.093333333333,0.937255859375,10999.0,8686.0,6.7715779,0
489.915,444.6,0.95947265625,10941.0,8657.0,6.7871958,0
496.47,444.98,0.9580078125,10821.0,8639.0,6.8028249,0
503.31,444.98,0.9560546875,10797.0,8524.0,6.8028249,0
505.02,444.98,0.9560546875,10791.0,8499.0,6.8201436,0
510.2925,444.6,0.96533203125,10774.0,8435.0,6.8252286,0
512.145,444.473333333333,0.968017578125,10770.0,8419.0,6.8298738,0
515.28,444.093333333333,0.968017578125,10765.0,8402.0,6.8455017,0
521.55,443.46,0.968017578125,10688.0,8351.0,6.8455017,0
523.1175,443.206666666667,0.968017578125,10627.0,8352.0,6.8611383,0
527.6775,442.573333333333,0.972412109375,10595.0,8271.0,6.8767442,0
535.23,440.926666666667,0.976806640625,10504.0,8198.0,6.8923707,0
540.5025,439.28,0.980712890625,10437.0,8189.0,6.9079926,0
545.775,437.0,0.984619140625,10347.0,8155.0,6.9079926,0
547.0575,436.366666666667,0.986572265625,10296.0,8188.0,6.9251775,0
549.195,435.353333333333,0.988525390625,10199.0,8250.0,6.9251775,0
550.335,434.846666666667,0.988525390625,10191.0,8237.0,6.9430024,0
555.0375,432.566666666667,0.996337890625,10065.0,8251.0,6.9600944,0
562.1625,428.766666666667,0.998291015625,10003.0,8258.0,6.9758001,0
567.72,425.98,0.998291015625,9994.0,8246.0,6.9913571,0
572.28,423.826666666667,0.998291015625,9932.0,8169.0,7.0071142,0
577.2675,421.926666666667,1.0,9854.0,8089.0,7.025463,0
581.97,420.28,1.0,9738.0,7994.0,7.025463,0
582.9675,419.9,1.0,9721.0,7981.0,7.0410892,0
585.96,418.76,1.0,9684.0,7957.0,7.0567128,0
591.5175,416.606666666667,1.0,9661.0,7943.0,7.0723718,0
596.0775,413.946666666667,1.0,9589.0,7902.0,7.0900256,0
601.4925,410.4,1.0,9443.0,7838.0,7.1056881,0
605.91,406.726666666667,1.0,9350.0,7808.0,7.1056881,0
607.05,405.84,1.0,9337.0,7805.0,7.1258049,0
610.185,403.306666666667,1.0,9337.0,7805.0,7.1414483,0
615.7425,398.62,1.0,9324.0,7801.0,7.1414483,0
616.455,397.86,1.0,9309.0,7798.0,7.1570603,0
618.0225,396.213333333333,1.0,9259.0,7786.0,7.1729903,0
621.1575,392.033333333333,1.0,9226.0,7780.0,7.1729903,0
621.585,391.02,1.0,9202.0,7776.0,7.2044503,0
623.7225,386.333333333333,1.0,9075.0,7818.0,7.2260584,0
626.2875,379.62,1.0,8940.0,7817.0,7.2260584,0
626.715,378.226666666667,1.0,8927.0,7818.0,7.2416864,0
628.2825,372.906666666667,1.0,8927.0,7818.0,7.2573088,0
630.135,366.7,1.0,8975.0,7816.0,7.2729362,0
631.1325,363.533333333333,1.0,9055.0,7817.0,7.2885573,0
632.2725,359.48,1.0,9150.0,7825.0,7.3041821,0
633.6975,354.793333333333,1.0,9250.0,7841.0,7.3197969,0
634.2675,349.853333333333,1.0,9302.0,7853.0,7.3419423,0
634.695,344.026666666667,1.0,9385.0,7992.0,7.3575543,0
634.125,339.086666666667,1.0,9436.0,8069.0,7.3731808,0
633.27,335.413333333333,1.0,9460.0,8080.0,7.3887975,0
632.5575,331.613333333333,1.0,9511.0,8107.0,7.4044294,0
631.56,326.8,1.0,9533.0,8377.0,7.4044294,0
631.4175,325.786666666667,1.0,9519.0,8447.0,7.4200512,0
630.705,322.366666666667,1.0,9526.0,8633.0,7.4200512,0
630.42,321.353333333333,1.0,9553.0,8676.0,7.4265612,0
630.2775,320.466666666667,1.0,9571.0,8709.0,7.4423339,0
629.1375,317.046666666667,1.0,9611.0,8810.0,7.4423339,0
628.71,316.286666666667,1.0,9613.0,8816.0,7.4578184,0
627.855,314.006666666667,1.0,9611.0,8809.0,7.4734385,0
626.5725,310.966666666667,1.0,9462.0,8861.0,7.4892197,0
625.005,308.18,1.0,9479.0,8943.0,7.5047227,0
622.8675,305.393333333333,0.998046875,9480.0,9049.0,7.5268585,0
620.5875,302.86,0.998046875,9450.0,9174.0,7.5424927,0
617.595,299.06,1.0,9404.0,9264.0,7.558113,0
615.03,296.78,0.99755859375,9360.0,9321.0,7.5737349,0
612.3225,294.373333333333,0.99169921875,9323.0,9359.0,7.5737349,0
611.7525,293.74,0.99169921875,9320.0,9362.0,7.589356,0
609.045,291.46,0.98974609375,9307.0,9373.0,7.6049861,0
605.4825,288.673333333333,0.9853515625,9285.0,9389.0,7.6049861,0
604.77,288.04,0.9853515625,9276.0,9396.0,7.6206005,0
603.2025,286.9,0.9853515625,9262.0,9405.0,7.6271254,0
601.635,285.76,0.9833984375,9248.0,9414.0,7.6427558,0
597.7875,283.1,0.9833984375,9236.0,9421.0,7.6584516,0
595.2225,281.58,0.9833984375,9274.0,9535.0,7.6584516,0
594.51,281.073333333333,0.9833984375,9274.0,9535.0,7.6739981,0
591.5175,278.793333333333,0.9833984375,9274.0,9535.0,7.6739981,0
590.6625,278.286666666667,0.9833984375,9274.0,9535.0,7.6896263,0
589.095,277.146666666667,0.9833984375,9274.0,9535.0,7.7052543,0
585.2475,274.106666666667,0.9833984375,9274.0,9535.0,7.7052543,0
584.3925,273.6,0.9833984375,9274.0,9535.0,7.7273879,0
581.5425,271.953333333333,0.9833984375,9299.0,9583.0,7.7431804,0
575.13,268.406666666667,0.9814453125,9378.0,9759.0,7.7588655,0
570.9975,265.873333333333,0.9794921875,9480.0,9938.0,7.7588655,0
570.0,265.113333333333,0.9794921875,9506.0,9988.0,7.7742874,0
567.15,263.213333333333,0.977294921875,9506.0,9988.0,7.7742874,0
566.295,262.453333333333,0.977294921875,9506.0,9988.0,7.7899304,0
563.5875,260.426666666667,0.97509765625,9526.0,9978.0,7.7899304,0
562.59,259.92,0.97509765625,9526.0,9978.0,7.8055112,0
559.455,258.4,0.97314453125,9526.0,9978.0,7.8211273,0
554.04,255.993333333333,0.97119140625,9526.0,9978.0,7.8433193,0
549.0525,254.346666666667,0.97119140625,9695.0,10284.0,7.8589417,0
544.2075,252.826666666667,0.97314453125,9761.0,10404.0,7.8745723,0
540.36,251.686666666667,0.97314453125,9777.0,10396.0,7.8745723,0
539.3625,251.433333333333,0.97314453125,9777.0,10396.0,7.8901774,0
534.375,250.546666666667,0.97509765625,9818.0,10438.0,7.8901774,0
533.0925,250.166666666667,0.97509765625,9848.0,10489.0,7.905813,0
528.5325,249.533333333333,0.97509765625,9848.0,10489.0,7.905813,0
526.965,249.28,0.97509765625,9878.0,10540.0,7.9214417,0
521.9775,248.773333333333,0.97509765625,9905.0,10586.0,7.9279476,0
518.415,248.266666666667,0.97509765625,9919.0,10579.0,7.9435847,0
510.15,247.633333333333,0.97265625,10017.0,10643.0,7.9596024,0
501.885,248.013333333333,0.967529296875,10149.0,10848.0,7.9596024,0
500.0325,248.393333333333,0.96484375,10180.0,10895.0,7.9748165,0
492.765,248.14,0.9619140625,10220.0,10872.0,7.9748165,0
490.0575,248.14,0.9580078125,10242.0,10858.0,7.9904684,0
482.22,248.393333333333,0.948974609375,10276.0,10906.0,7.9904684,0
479.655,248.52,0.948974609375,10319.0,10967.0,8.0065143,0
471.39,249.153333333333,0.94384765625,10432.0,11080.0,8.0218487,0
460.9875,250.04,0.93896484375,10569.0,11068.0,8.0218487,0
458.565,250.166666666667,0.93896484375,10629.0,11143.0,8.0435118,0
448.59,252.446666666667,0.929443359375,10785.0,11219.0,8.0595419,0
439.0425,253.966666666667,0.925537109375,10806.0,11203.0,8.0595419,0
436.905,254.346666666667,0.927734375,10806.0,11203.0,8.0747223,0
429.9225,255.36,0.92724609375,10825.0,11189.0,8.0903435,0
419.805,256.88,0.91796875,10886.0,11215.0,8.0903435,0
417.525,257.26,0.915283203125,10971.0,11260.0,8.1059644,0
408.69,259.92,0.899169921875,11109.0,11322.0,8.1059644,0
406.41,260.68,0.89453125,11109.0,11322.0,8.1281105,0
397.005,264.86,0.892578125,11175.0,11354.0,8.1281105,0
394.8675,265.873333333333,0.88916015625,11252.0,11382.0,8.1437364,0
387.315,270.053333333333,0.8798828125,11351.0,11386.0,8.1593703,0
379.1925,274.233333333333,0.87255859375,11391.0,11346.0,8.1749791,0
370.0725,280.06,0.8662109375,11582.0,11342.0,8.1749791,0
368.505,281.58,0.864013671875,11582.0,11342.0,8.196181,0
363.66,285.633333333333,0.86181640625,11603.0,11318.0,8.196181,0
361.8075,286.9,0.86181640625,11628.0,11287.0,8.2174582,0
353.2575,293.36,0.85302734375,11819.0,11273.0,8.2279721,0
351.8325,294.5,0.85302734375,11841.0,11242.0,8.2279721,0
349.125,296.906666666667,0.85302734375,11841.0,11242.0,8.2436075,0
344.28,302.48,0.848876953125,12004.0,11243.0,8.2592315,0
339.5775,308.433333333333,0.8466796875,12004.0,11243.0,8.2748754,0
332.88,316.286666666667,0.8447265625,12070.0,11131.0,8.2904665,0
328.32,323.506666666667,0.839599609375,12169.0,11084.0,8.3082951,0
325.47,330.6,0.826904296875,12169.0,11084.0,8.3082951,0
325.0425,332.373333333333,0.822998046875,12169.0,11084.0,8.3239412,0
322.905,338.833333333333,0.811279296875,12133.0,11014.0,8.3436604,0
321.3375,356.186666666667,0.78125,12153.0,10974.0,8.3436604,0
321.3375,359.1,0.775146484375,12177.0,10923.0,8.3593816,0
321.48,362.393333333333,0.76904296875,12146.0,10840.0,8.3748363,0
323.6175,375.566666666667,0.72900390625,12160.0,10618.0,8.3748363,0
324.4725,378.733333333333,0.711669921875,12170.0,10590.0,8.3904508,0
327.0375,388.74,0.655029296875,12223.0,10432.0,8.3904508,0
239.2575,367.08,0.39453125,12679.0,12019.0,9.3812704,0
237.69,369.233333333333,0.418701171875,12679.0,12019.0,9.3973738,0
236.265,371.513333333333,0.418701171875,12679.0,12019.0,9.3973738,0
235.5525,372.78,0.410888671875,12679.0,12019.0,9.4124756,0
231.8475,382.913333333333,0.38232421875,12679.0,12019.0,9.428099,0
230.28,392.54,0.399169921875,12679.0,12019.0,9.4502447,0
229.5675,406.853333333333,0.42626953125,12748.0,11909.0,9.4658555,0
230.565,422.306666666667,0.462646484375,12848.0,11728.0,9.4814838,0
232.7025,433.96,0.49169921875,12922.0,11569.0,9.4971061,0
236.55,446.626666666667,0.519775390625,12979.0,11430.0,9.4971061,0
237.5475,448.906666666667,0.5244140625,12994.0,11391.0,9.5127683,0
238.4025,450.806666666667,0.529052734375,13010.0,11348.0,9.5283545,0
242.82,456.886666666667,0.544921875,13040.0,11262.0,9.5348703,0
245.955,460.686666666667,0.55517578125,12900.0,11051.0,9.5561879,0
256.9275,477.406666666667,0.588623046875,12191.0,10399.0,9.5607877,0
258.6375,479.686666666667,0.588623046875,12129.0,10320.0,9.5774172,0
272.6025,495.773333333333,0.6201171875,12121.0,9864.0,9.5930523,0
281.865,505.146666666667,0.6337890625,11911.0,9526.0,9.5930523,0
284.8575,507.426666666667,0.6357421875,11920.0,9444.0,9.6086741,0
294.12,515.533333333333,0.640625,11933.0,9297.0,9.6086741,0
297.3975,518.066666666667,0.642822265625,11933.0,9297.0,9.6242818,0
308.37,525.286666666667,0.648681640625,11884.0,9096.0,9.6347947,0
311.9325,527.566666666667,0.650634765625,11885.0,9035.0,9.6504296,0
330.1725,537.446666666667,0.661376953125,11767.0,8734.0,9.6504296,0
333.5925,538.84,0.664306640625,11764.0,8689.0,9.6682939,0
343.8525,542.133333333333,0.690185546875,11637.0,8510.0,9.6839263,0
360.3825,544.413333333333,0.7099609375,11465.0,8256.0,9.6839263,0
363.66,544.666666666667,0.706787109375,11401.0,8227.0,9.6995489,0
373.2075,544.413333333333,0.714599609375,11366.0,8103.0,9.6995489,0
376.3425,544.286666666667,0.7177734375,11352.0,8061.0,9.7152388,0
387.6,543.146666666667,0.7177734375,11146.0,7981.0,9.7152388,0
390.45,542.766666666667,0.73095703125,11079.0,7979.0,9.734808,0
399.0,541.246666666667,0.77734375,10953.0,7978.0,9.7504319,0
413.535,537.193333333333,0.7802734375,10953.0,7978.0,9.766068,0
428.2125,532.633333333333,0.80859375,10785.0,8045.0,9.766068,0
430.92,531.873333333333,0.82421875,10775.0,8024.0,9.7816774,0
436.905,530.226666666667,0.849609375,10696.0,7995.0,9.7973038,0
447.0225,527.186666666667,0.883544921875,10517.0,7921.0,9.8129242,0
457.71,524.146666666667,0.911865234375,10437.0,7812.0,9.8350668,0
472.6725,517.813333333333,0.933349609375,10163.0,7810.0,9.8506925,0
488.9175,507.68,0.966796875,9974.0,7654.0,9.8663274,0
498.0375,498.18,0.966796875,9735.0,7654.0,9.8663274,0
500.46,495.393333333333,0.966796875,9682.0,7690.0,9.8819488,0
508.0125,485.386666666667,0.95849609375,9549.0,7757.0,9.8819488,0
510.5775,481.84,0.95849609375,9506.0,7739.0,9.8975702,0
518.2725,470.82,0.95654296875,9388.0,7761.0,9.9132079,0
529.815,456.886666666667,0.95849609375,9354.0,7868.0,9.9288412,0
542.7825,443.713333333333,0.95654296875,9169.0,7998.0,9.9513319,0
568.29,423.193333333333,0.98388671875,8948.0,8238.0,9.9513319,0
572.565,420.026666666667,0.987060546875,8913.0,8241.0,9.9667959,0
585.675,410.653333333333,0.990234375,8784.0,8267.0,9.9667959,0
589.5225,408.12,0.990234375,8715.0,8290.0,9.9822691,0
600.0675,400.393333333333,0.990234375,8564.0,8370.0,9.997897,0
611.61,390.766666666667,0.994384765625,8486.0,8432.0,10.0134687,0
620.8725,381.773333333333,0.996337890625,8437.0,8481.0,10.0134687,0
623.01,379.493333333333,0.996337890625,8432.0,8487.0,10.0356084,0
630.8475,369.866666666667,0.996337890625,8432.0,8487.0,10.0356084,0
634.695,365.053333333333,0.996337890625,8432.0,8487.0,10.0512402,0
641.535,355.3,0.998046875,8507.0,8587.0,10.0512402,0
642.96,352.893333333333,0.99560546875,8498.0,8598.0,10.0668654,0
646.5225,345.42,0.99072265625,8442.0,8680.0,10.0668654,0
647.3775,343.14,0.99072265625,8417.0,8731.0,10.0824825,0
649.3725,336.3,0.986572265625,8367.0,8897.0,10.0981039,0
650.655,327.56,0.981201171875,8360.0,9050.0,10.0981039,0
650.7975,325.406666666667,0.981201171875,8364.0,9081.0,10.1137536,0
650.655,317.426666666667,0.966796875,8395.0,9213.0,10.1293442,0
650.5125,315.4,0.9619140625,8406.0,9244.0,10.1293442,0
650.37,313.373333333333,0.95703125,8419.0,9272.0,10.1514991,0
648.375,300.073333333333,0.963134765625,8362.0,9501.0,10.167108,0
645.0975,291.713333333333,0.95458984375,8368.0,9663.0,10.1827833,0
641.6775,285.126666666667,0.94970703125,8380.0,9816.0,10.1827833,0
640.68,283.48,0.94970703125,8408.0,9836.0,10.1983603,0
637.83,278.793333333333,0.94775390625,8458.0,9869.0,10.1983603,0
636.8325,277.4,0.94775390625,8481.0,9882.0,10.2140188,0
633.555,273.346666666667,0.94775390625,8550.0,9919.0,10.2295979,0
629.4225,267.773333333333,0.94775390625,8604.0,9997.0,10.2361173,0
626.8575,265.113333333333,0.94775390625,8605.0,10053.0,10.2517875,0
620.5875,260.553333333333,0.94580078125,8609.0,10122.0,10.2674182,0
612.6075,256.373333333333,0.94384765625,8695.0,10147.0,10.2829902,0
599.4975,251.686666666667,0.932373046875,8704.0,10395.0,10.2986156,0
590.52,249.406666666667,0.926513671875,8787.0,10409.0,10.3147592,0
584.25,247.633333333333,0.923583984375,8832.0,10414.0,10.3298591,0
580.9725,246.873333333333,0.91552734375,8832.0,10414.0,10.3298591,0
568.1475,243.833333333333,0.882568359375,8905.0,10587.0,10.3525501,0
544.635,238.26,0.86083984375,9098.0,10959.0,10.3525501,0
540.93,237.5,0.85400390625,9143.0,11025.0,10.367615,0
522.69,234.713333333333,0.827880859375,9321.0,11257.0,10.3832479,0
507.87,233.193333333333,0.82080078125,9498.0,11348.0,10.3832479,0
504.45,232.813333333333,0.82080078125,9545.0,11419.0,10.3989302,0
493.7625,232.433333333333,0.81640625,9670.0,11394.0,10.3989302,0
490.0575,232.053333333333,0.81640625,9703.0,11386.0,10.4144928,0
479.085,232.053333333333,0.81201171875,9813.0,11428.0,10.4301117,0
463.695,232.813333333333,0.81005859375,10047.0,11641.0,10.4366256,0
459.705,233.193333333333,0.807861328125,10075.0,11703.0,10.4523312,0
440.325,236.106666666667,0.807861328125,10347.0,11837.0,10.4681531,0
423.795,240.033333333333,0.80029296875,10570.0,12005.0,10.4681531,0
419.6625,241.3,0.795166015625,10605.0,11992.0,10.4836475,0
407.835,245.226666666667,0.777587890625,10767.0,12046.0,10.4991704,0
392.73,250.8,0.76708984375,11012.0,12065.0,10.4991704,0
389.025,252.193333333333,0.76708984375,11090.0,12100.0,10.5147437,0
378.195,256.88,0.76708984375,11286.0,12146.0,10.5303624,0
361.665,264.353333333333,0.7646484375,11491.0,12272.0,10.5525079,0
346.9875,271.32,0.759765625,11834.0,12335.0,10.5681255,0
336.015,277.273333333333,0.759765625,12102.0,12389.0,10.5837521,0
325.8975,283.86,0.7578125,12210.0,12382.0,10.5993689,0
314.7825,290.826666666667,0.7529296875,12444.0,12452.0,10.6153167,0
308.7975,294.373333333333,0.75048828125,12499.0,12395.0,10.637178,0
295.6875,302.353333333333,0.72509765625,12673.0,12418.0,10.6528415,0
266.3325,327.18,0.673095703125,12888.0,12249.0,10.6528415,0
263.91,330.22,0.673095703125,12909.0,12216.0,10.6684332,0
259.065,336.68,0.673095703125,12909.0,12216.0,10.6684332,0
256.6425,339.846666666667,0.673095703125,12909.0,12216.0,10.6840627,0
247.665,354.92,0.66455078125,13041.0,12160.0,10.6840627,0
245.955,359.1,0.65966796875,13065.0,12117.0,10.6996717,0
242.1075,367.966666666667,0.654541015625,13175.0,12084.0,10.6996717,0
240.6825,372.273333333333,0.65234375,13195.0,12042.0,10.7155502,0
235.5525,390.766666666667,0.6494140625,13267.0,11884.0,10.7155502,0
234.555,395.326666666667,0.646484375,13283.0,11846.0,10.731306,0
232.7025,409.133333333333,0.6435546875,13339.0,11698.0,10.7373106,0
231.99,418.0,0.640625,13379.0,11579.0,10.7529414,0
232.4175,430.413333333333,0.638427734375,13429.0,11417.0,10.7841924,0
235.98,450.933333333333,0.631103515625,13503.0,11120.0,10.7841924,0
237.2625,454.733333333333,0.622802734375,13518.0,11052.0,10.7998083,0
244.9575,470.313333333333,0.585205078125,13571.0,10773.0,10.7998083,0
247.665,473.986666666667,0.57080078125,13583.0,10696.0,10.8154305,0
257.355,485.26,0.51953125,13619.0,10438.0,10.8154305,0
261.2025,488.68,0.49609375,13629.0,10358.0,10.8310585,0
405.555,521.613333333333,0.581787109375,13134.0,8567.0,11.3736532,0
407.1225,522.626666666667,0.59130859375,12972.0,8401.0,11.3888877,0
415.245,524.906666666667,0.56884765625,12396.0,8001.0,11.3888877,0
417.9525,525.16,0.563720703125,12253.0,7949.0,11.4044758,0
427.3575,525.286666666667,0.549072265625,11835.0,7866.0,11.4200892,0
430.7775,525.286666666667,0.55126953125,11725.0,7851.0,11.4200892,0
442.035,525.033333333333,0.563232421875,11487.0,7810.0,11.4200892,0
445.5975,524.906666666667,0.567138671875,11471.0,7769.0,11.4398011,0
456.285,523.766666666667,0.578125,11420.0,7654.0,11.4554374,0
473.385,520.473333333333,0.6015625,11193.0,7619.0,11.4710502,0
488.205,516.166666666667,0.658203125,10937.0,7444.0,11.4866748,0
498.0375,512.873333333333,0.714111328125,10837.0,7322.0,11.5023068,0
510.435,508.566666666667,0.7705078125,10533.0,7347.0,11.5179258,0
523.6875,503.626666666667,0.83984375,10423.0,7324.0,11.5335424,0
526.2525,502.36,0.8427734375,10359.0,7343.0,11.5335424,0
531.525,499.446666666667,0.8427734375,10284.0,7287.0,11.5557768,0
552.1875,488.3,0.905517578125,10000.0,7191.0,11.5557768,0
555.3225,486.653333333333,0.905517578125,9919.0,7234.0,11.5713823,0
565.155,480.573333333333,0.907470703125,9744.0,7292.0,11.5713823,0
568.7175,478.42,0.909423828125,9724.0,7284.0,11.5869341,0
578.9775,472.213333333333,0.909423828125,9643.0,7255.0,11.5869341,0
582.1125,470.44,0.909423828125,9598.0,7241.0,11.6026918,0
592.3725,464.993333333333,0.908935546875,9523.0,7275.0,11.618234,0
607.1925,456.506666666667,0.917724609375,9356.0,7353.0,11.618234,0
611.895,454.1,0.92041015625,9339.0,7350.0,11.6401673,0
616.5975,451.693333333333,0.923095703125,9339.0,7350.0,11.6401673,0
620.445,449.666666666667,0.91748046875,9326.0,7410.0,11.6557953,0
646.665,436.62,0.89306640625,9141.0,7386.0,11.671423,0
660.06,429.526666666667,0.8876953125,9026.0,7381.0,11.671423,0
663.0525,427.753333333333,0.884033203125,9004.0,7381.0,11.6870419,0
674.31,420.026666666667,0.873291015625,8853.0,7386.0,11.6870419,0
677.0175,418.126666666667,0.869873046875,8825.0,7389.0,11.7031522,0
681.5775,414.326666666667,0.863037109375,8804.0,7391.0,11.7182804,0
692.1225,403.686666666667,0.832763671875,8659.0,7413.0,11.7404253,0
698.3925,394.693333333333,0.830810546875,8642.0,7416.0,11.7404253,0
699.8175,392.286666666667,0.830810546875,8642.0,7416.0,11.7560515,0
704.6625,382.786666666667,0.82568359375,8654.0,7468.0,11.7716734,0
708.9375,371.26,0.82373046875,8615.0,7532.0,11.7873459,0
712.5,359.48,0.82177734375,8512.0,7682.0,11.802929,0
715.2075,345.42,0.82177734375,8432.0,7947.0,11.8185504,0
716.3475,336.3,0.82177734375,8364.0,8052.0,11.8341601,0
716.3475,334.273333333333,0.82177734375,8355.0,8059.0,11.8341601,0
716.3475,330.346666666667,0.82666015625,8320.0,8083.0,11.8563171,0
715.2075,318.566666666667,0.863037109375,8292.0,8325.0,11.8719214,0
713.4975,311.853333333333,0.865966796875,8295.0,8322.0,11.8875422,0
710.22,303.493333333333,0.865966796875,8259.0,8361.0,11.9031727,0
705.375,294.88,0.867919921875,8190.0,8686.0,11.9187896,0
699.8175,287.153333333333,0.867919921875,8483.0,8366.0,11.9344164,0
691.8375,279.426666666667,0.867919921875,9288.0,8291.0,11.9409366,0
689.2725,277.4,0.867919921875,9463.0,8390.0,11.9409366,0
685.425,274.613333333333,0.867919921875,9587.0,8508.0,11.9739572,0
669.18,265.113333333333,0.86279296875,9760.0,8922.0,11.9749968,0
664.4775,262.833333333333,0.855712890625,9763.0,8997.0,11.9990148,0
624.2925,246.746666666667,0.790283203125,9810.0,9486.0,12.0146369,0
600.3525,238.386666666667,0.73291015625,10003.0,9775.0,12.0302689,0
578.6925,232.56,0.668701171875,10234.0,10076.0,12.0302689,0
574.845,231.8,0.655517578125,10273.0,10111.0,12.0570469,0
559.3125,229.52,0.610107421875,10508.0,10373.0,12.0727052,0
543.9225,230.533333333333,0.55322265625,10724.0,10571.0,12.0727052,0
539.6475,231.166666666667,0.52734375,10779.0,10622.0,12.0904917,0
219.0225,469.173333333333,0.280517578125,13443.0,11232.0,13.8680012,0
217.3125,468.54,0.298095703125,13443.0,11232.0,13.8835674,0
216.6,467.526666666667,0.265625,13443.0,11232.0,13.8991959,0
217.0275,466.893333333333,0.265625,13443.0,11232.0,13.914918,0
217.8825,466.26,0.265625,13443.0,11232.0,13.9302225,0
219.3075,466.26,0.265625,13443.0,11232.0,13.9302225,0
219.3075,466.26,0.265625,13443.0,11232.0,13.9458309,0
219.8775,466.766666666667,0.265625,13443.0,11232.0,13.9458309,0
220.305,467.146666666667,0.265625,13443.0,11232.0,13.9680542,0
221.73,468.666666666667,0.282958984375,13443.0,11232.0,13.983681,0
222.1575,470.06,0.292236328125,13443.0,11232.0,13.9992913,0
222.4425,471.2,0.2998046875,13443.0,11232.0,13.9992913,0
222.7275,472.466666666667,0.3076171875,13443.0,11232.0,14.0149112,0
223.155,477.153333333333,0.335693359375,13443.0,11232.0,14.0305376,0
223.155,479.18,0.345458984375,13443.0,11232.0,14.0526592,0
223.155,485.006666666667,0.367919921875,13443.0,11232.0,14.0682986,0
222.7275,489.946666666667,0.376220703125,13443.0,11232.0,14.083912,0
222.4425,494.633333333333,0.386474609375,13443.0,11232.0,14.083912,0
222.4425,495.773333333333,0.388916015625,13443.0,11232.0,14.0995312,0
222.1575,500.586666666667,0.396728515625,13443.0,11232.0,14.1151603,0
221.73,504.893333333333,0.400634765625,13443.0,11232.0,14.1307835,0
221.3025,508.82,0.404541015625,13443.0,11232.0,14.1307835,0
221.3025,509.96,0.404541015625,13443.0,11232.0,14.1464048,0
220.875,513.253333333333,0.408447265625,13443.0,11232.0,14.1529265,0
220.875,514.52,0.411376953125,13443.0,11232.0,14.1686915,0
220.4475,521.486666666667,0.42822265625,13464.0,11144.0,14.1686915,0
220.4475,522.88,0.431884765625,13464.0,11144.0,14.1841807,0
220.305,527.44,0.44189453125,13464.0,11144.0,14.1841807,0
220.02,528.833333333333,0.445068359375,13464.0,11144.0,14.1998681,0
220.305,533.14,0.45458984375,13432.0,11016.0,14.2155821,0
220.02,538.333333333333,0.468994140625,13460.0,10883.0,14.2155821,0
220.02,539.6,0.47314453125,13468.0,10838.0,14.2311505,0
220.305,543.273333333333,0.482666015625,13493.0,10697.0,14.246666,0
220.7325,547.706666666667,0.491943359375,13493.0,10697.0,14.253172,0
220.7325,548.72,0.494140625,13493.0,10697.0,14.253172,0
221.0175,551.0,0.498291015625,13493.0,10697.0,14.2687975,0
221.445,555.56,0.504150390625,13493.0,10697.0,14.2844196,0
222.3,560.246666666667,0.50830078125,13524.0,10498.0,14.2844196,0
222.4425,561.513333333333,0.50830078125,13531.0,10451.0,14.3000535,0
223.155,566.2,0.5146484375,13531.0,10451.0,14.3156748,0
223.8675,571.013333333333,0.520263671875,13531.0,10451.0,14.3312942,0
224.58,575.7,0.525146484375,13531.0,10451.0,14.3312942,0
224.865,576.84,0.525146484375,13538.0,10398.0,14.3534268,0
225.5775,580.386666666667,0.530029296875,13544.0,10350.0,14.3534268,0
225.5775,581.526666666667,0.530029296875,13497.0,10279.0,14.3690536,0
226.7175,587.48,0.536376953125,13519.0,10076.0,14.3690536,0
227.0025,588.746666666667,0.536376953125,13519.0,10076.0,14.3846887,0
228.0,592.546666666667,0.536376953125,13462.0,10055.0,14.4003097,0
228.9975,597.866666666667,0.536376953125,13462.0,10055.0,14.415931,0
229.995,602.933333333333,0.533447265625,13367.0,9921.0,14.415931,0
230.1375,604.2,0.533447265625,13321.0,9851.0,14.4315386,0
230.9925,608.126666666667,0.53759765625,13332.0,9707.0,14.4315386,0
231.135,609.393333333333,0.53759765625,13336.0,9654.0,14.4471694,0
231.705,613.193333333333,0.53759765625,13336.0,9654.0,14.4696256,0
232.9875,621.173333333333,0.54248046875,13336.0,9654.0,14.4849317,0
233.13,622.693333333333,0.54443359375,13282.0,9642.0,14.4849317,0
233.8425,627.0,0.551025390625,13288.0,9534.0,14.5005802,0
234.84,632.066666666667,0.559814453125,13297.0,9317.0,14.5162214,0
235.5525,636.626666666667,0.5771484375,13249.0,9214.0,14.5317963,0
235.98,640.933333333333,0.591796875,13196.0,9210.0,14.5474325,0
236.55,645.493333333333,0.591064453125,13196.0,9210.0,14.5539374,0
236.835,648.786666666667,0.595947265625,13198.0,9107.0,14.5695642,0
237.405,652.966666666667,0.595947265625,13198.0,8965.0,14.5851903,0
237.69,656.766666666667,0.6064453125,13198.0,8918.0,14.6008115,0
237.975,660.44,0.6083984375,13198.0,8918.0,14.6164329,0
238.26,664.62,0.5947265625,13198.0,8918.0,14.6320606,0
238.9725,670.32,0.6044921875,13197.0,8821.0,14.6542043,0
240.1125,675.386666666667,0.621826171875,13131.0,8625.0,14.6698434,0
242.25,681.973333333333,0.635009765625,13123.0,8478.0,14.6854692,0
244.1025,687.42,0.64990234375,13010.0,8498.0,14.7010972,0
245.67,693.88,0.669677734375,12944.0,8368.0,14.7010972,0
246.0975,695.146666666667,0.673583984375,12885.0,8339.0,14.7167831,0
247.38,698.693333333333,0.685302734375,12877.0,8251.0,14.7167831,0
247.95,699.833333333333,0.68896484375,12871.0,8199.0,14.7323376,0
249.09,702.873333333333,0.69921875,12855.0,8068.0,14.7480626,0
250.3725,706.926666666667,0.710205078125,12855.0,8068.0,14.7545688,0
250.9425,708.826666666667,0.714111328125,12855.0,8068.0,14.7705157,0
251.7975,712.373333333333,0.721923828125,12855.0,8068.0,14.7705157,0
252.0825,713.133333333333,0.723876953125,12850.0,8025.0,14.7858679,0
252.795,715.793333333333,0.727783203125,12838.0,7944.0,14.7858679,0
253.08,716.68,0.727783203125,12831.0,7899.0,14.8014909,0
253.7925,719.213333333333,0.7255859375,12818.0,7820.0,14.8170591,0
254.6475,722.633333333333,0.727783203125,12797.0,7704.0,14.8170591,0
254.9325,723.52,0.732666015625,12790.0,7666.0,14.832718,0
255.7875,726.18,0.739990234375,12790.0,7666.0,14.8483102,0
256.785,729.98,0.7607421875,12790.0,7666.0,14.8548254,0
257.07,731.12,0.769775390625,12735.0,7691.0,14.8704625,0
259.065,736.946666666667,0.77783203125,12735.0,7691.0,14.8860831,0
260.0625,740.493333333333,0.765625,12699.0,7525.0,14.8860831,0
260.3475,741.38,0.765625,12690.0,7489.0,14.9017045,0
261.4875,743.786666666667,0.77197265625,12672.0,7418.0,14.9173327,0
263.055,747.966666666667,0.779541015625,12672.0,7418.0,14.9329438,0
263.4825,748.853333333333,0.779541015625,12672.0,7418.0,14.9329438,0
264.195,750.626666666667,0.779541015625,12672.0,7418.0,14.9551736,0
265.905,754.933333333333,0.779541015625,12672.0,7418.0,14.9708034,0
267.4725,759.493333333333,0.779541015625,12609.0,7452.0,14.9708034,0
267.7575,760.38,0.779541015625,12559.0,7479.0,14.9864274,0
268.8975,763.673333333333,0.779541015625,12549.0,7444.0,15.0025184,0
269.4675,765.446666666667,0.78955078125,12540.0,7410.0,15.0176689,0
270.465,768.613333333333,0.79931640625,12506.0,7299.0,15.0176689,0
270.75,769.5,0.79931640625,12493.0,7260.0,15.0333824,0
272.3175,773.553333333333,0.80126953125,12422.0,7064.0,15.0489156,0
273.6,776.846666666667,0.80126953125,12422.0,7064.0,15.0554306,0
274.0275,777.606666666667,0.80126953125,12422.0,7064.0,15.0710601,0
275.88,781.153333333333,0.80126953125,12410.0,7033.0,15.0710601,0
276.3075,781.786666666667,0.80126953125,12410.0,7033.0,15.08684,0
277.4475,783.56,0.80126953125,12384.0,6971.0,15.1023138,0
279.4425,785.333333333333,0.80126953125,12341.0,6876.0,15.1179319,0
281.1525,786.98,0.80126953125,12327.0,6847.0,15.1179319,0
281.865,787.36,0.80126953125,12313.0,6819.0,15.1335505,0
283.575,788.5,0.80126953125,12313.0,6819.0,15.1335505,0
284.2875,788.88,0.80126953125,12313.0,6819.0,15.1556719,0
288.135,790.78,0.80126953125,12313.0,6819.0,15.1556719,0
289.1325,791.033333333333,0.79638671875,12313.0,6819.0,15.1712968,0
293.9775,792.3,0.789306640625,12313.0,6819.0,15.1712968,0
294.975,792.426666666667,0.7939453125,12313.0,6819.0,15.1869347,0
297.1125,792.806666666667,0.798583984375,12282.0,6759.0,15.2025446,0
301.245,793.44,0.798583984375,12071.0,6764.0,15.2181646,0
306.8025,794.2,0.798583984375,11992.0,6752.0,15.2181646,0
308.085,794.326666666667,0.798583984375,11992.0,6752.0,15.2337859,0
311.505,794.706666666667,0.7919921875,11992.0,6752.0,15.2495218,0
316.7775,794.453333333333,0.790283203125,11992.0,6752.0,15.2555264,0
319.2,794.453333333333,0.80029296875,11974.0,6724.0,15.2711598,0
322.62,794.326666666667,0.80029296875,11840.0,6793.0,15.2711598,0
323.9025,794.326666666667,0.80224609375,11820.0,6764.0,15.2868379,0
329.3175,793.946666666667,0.80224609375,11734.0,6649.0,15.2868379,0
330.885,793.82,0.798828125,11711.0,6620.0,15.3024855,0
335.445,793.186666666667,0.782470703125,11692.0,6597.0,15.3024855,0
336.87,792.933333333333,0.78662109375,11692.0,6597.0,15.3181447,0
341.43,792.426666666667,0.805908203125,11653.0,6552.0,15.3336918,0
347.8425,791.92,0.807861328125,11457.0,6608.0,15.3492649,0
355.11,791.16,0.809814453125,11244.0,6652.0,15.3714066,0
365.2275,789.006666666667,0.817626953125,11180.0,6594.0,15.3871916,0
372.495,787.36,0.814697265625,10990.0,6604.0,15.402653,0
379.905,785.46,0.814697265625,10789.0,6619.0,15.4182754,0
387.03,783.306666666667,0.816650390625,10685.0,6620.0,15.4338914,0
396.435,780.393333333333,0.811767578125,10542.0,6603.0,15.4497959,0
398.43,779.76,0.811767578125,10504.0,6582.0,15.4558001,0
406.8375,777.1,0.782958984375,10309.0,6488.0,15.4714341,0
414.8175,774.82,0.792724609375,10189.0,6440.0,15.4876037,0
417.9525,773.933333333333,0.805908203125,10102.0,6409.0,15.4876037,0
419.3775,773.426666666667,0.802001953125,10053.0,6393.0,15.5027484,0
426.645,770.64,0.78271484375,9813.0,6328.0,15.5027484,0
427.9275,770.133333333333,0.78271484375,9766.0,6374.0,15.5182905,0
432.4875,768.233333333333,0.78271484375,9703.0,6361.0,15.5182905,0
434.055,767.473333333333,0.78271484375,9703.0,6361.0,15.533926,0
440.1825,764.56,0.79931640625,9703.0,6361.0,15.5499255,0
442.1775,763.42,0.809326171875,9670.0,6354.0,15.5559307,0
444.315,762.153333333333,0.819580078125,9637.0,6348.0,15.5715579,0
461.8425,751.386666666667,0.810546875,9445.0,6379.0,15.5715579,0
463.98,750.12,0.810546875,9403.0,6374.0,15.5871925,0
470.25,746.7,0.810546875,9336.0,6366.0,15.6028423,0
478.0875,743.026666666667,0.810546875,9262.0,6360.0,15.6028423,0
480.0825,742.14,0.810546875,9262.0,6360.0,15.6184842,0
485.925,739.733333333333,0.810546875,9262.0,6360.0,15.6340512,0
493.335,736.82,0.810546875,9142.0,6353.0,15.6496706,0
499.89,734.16,0.814697265625,9042.0,6351.0,15.6718736,0
509.865,730.106666666667,0.814697265625,9016.0,6351.0,15.687564,0
515.7075,727.32,0.814697265625,8961.0,6351.0,15.687564,0
516.99,726.686666666667,0.814697265625,8924.0,6351.0,15.7030753,0
520.695,724.786666666667,0.814697265625,8894.0,6352.0,15.7030753,0
521.835,724.153333333333,0.814697265625,8894.0,6352.0,15.7187016,0
525.54,722.38,0.814697265625,8894.0,6352.0,15.7343221,0
531.9525,718.453333333333,0.814697265625,8865.0,6353.0,15.7564498,0
537.51,715.16,0.828125,8588.0,6375.0,15.7720818,0
542.355,713.006666666667,0.828125,8456.0,6393.0,15.7877011,0
547.77,710.853333333333,0.81884765625,8456.0,6393.0,15.7877011,0
549.0525,710.346666666667,0.81884765625,8456.0,6393.0,15.8033218,0
552.4725,708.826666666667,0.81884765625,8456.0,6393.0,15.8189464,0
557.6025,706.673333333333,0.81884765625,8456.0,6393.0,15.8345662,0
558.7425,706.166666666667,0.81884765625,8456.0,6393.0,15.8501973,0
567.15,702.746666666667,0.81884765625,8456.0,6393.0,15.872345,0
574.275,699.453333333333,0.81884765625,8456.0,6393.0,15.872345,0
575.415,698.566666666667,0.81884765625,8456.0,6393.0,15.8879626,0
579.12,696.54,0.81884765625,8428.0,6397.0,15.9036264,0
583.68,693.88,0.830322265625,8341.0,6413.0,15.9192656,0
587.8125,690.333333333333,0.830322265625,8265.0,6429.0,15.9192656,0
588.81,689.446666666667,0.830322265625,8265.0,6429.0,15.9348214,0
592.0875,687.04,0.820068359375,8265.0,6429.0,15.9348214,0
593.085,686.28,0.820068359375,8265.0,6429.0,15.950441,0
597.36,684.0,0.820068359375,8265.0,6429.0,15.9569472,0
598.6425,683.24,0.820068359375,8265.0,6429.0,15.9569472,0
601.2075,681.72,0.820068359375,8233.0,6436.0,15.972575,0
605.625,678.553333333333,0.8271484375,8175.0,6450.0,15.972575,0
606.6225,677.793333333333,0.830078125,8175.0,6450.0,15.9882003,0
608.76,676.146666666667,0.830078125,8175.0,6450.0,16.0038209,0
614.175,671.84,0.82177734375,8175.0,6450.0,16.01944,0
619.02,667.66,0.81884765625,8256.0,6431.0,16.01944,0
620.16,666.773333333333,0.81884765625,8256.0,6431.0,16.0350719,0
624.2925,662.72,0.82080078125,8158.0,6455.0,16.0350719,0
625.1475,661.833333333333,0.82275390625,8158.0,6455.0,16.0572049,0
627.57,658.92,0.82861328125,8158.0,6455.0,16.0572049,0
628.2825,657.78,0.82861328125,8124.0,6463.0,16.0728416,0
631.4175,651.826666666667,0.82861328125,8124.0,6463.0,16.0884533,0
633.84,646.0,0.825439453125,8148.0,6457.0,16.1040878,0
635.55,639.033333333333,0.81982421875,8148.0,6457.0,16.1040878,0
635.835,637.006666666667,0.81982421875,8148.0,6457.0,16.1198777,0
636.5475,630.42,0.81982421875,8199.0,6444.0,16.1355666,0
637.1175,621.426666666667,0.81982421875,8278.0,6426.0,16.1355666,0
637.26,619.146666666667,0.81982421875,8278.0,6426.0,16.1574983,0
637.545,612.18,0.81982421875,8355.0,6410.0,16.1574983,0
637.83,607.493333333333,0.81982421875,8425.0,6454.0,16.1731728,0
637.83,598.12,0.81982421875,8547.0,6436.0,16.1887823,0
637.83,588.746666666667,0.81982421875,8636.0,6490.0,16.2045297,0
637.26,578.74,0.81982421875,8759.0,6550.0,16.2199945,0
635.9775,567.973333333333,0.82177734375,8893.0,6710.0,16.2356144,0
634.5525,556.953333333333,0.82177734375,9024.0,6888.0,16.2356144,0
634.2675,554.293333333333,0.82177734375,9056.0,6888.0,16.2512375,0
632.8425,543.4,0.82177734375,9190.0,7003.0,16.2512375,0
632.5575,540.74,0.82177734375,9219.0,7060.0,16.2734235,0
631.4175,530.986666666667,0.826171875,9364.0,7138.0,16.2890467,0
630.2775,521.36,0.8310546875,9456.0,7397.0,16.3046763,0
628.71,509.96,0.8310546875,9549.0,7555.0,16.3046763,0
628.5675,507.806666666667,0.8310546875,9575.0,7564.0,16.3202938,0
627.1425,498.306666666667,0.8310546875,9656.0,7721.0,16.3202938,0
626.715,495.773333333333,0.83349609375,9683.0,7734.0,16.3359156,0
625.7175,488.68,0.8427734375,9740.0,7833.0,16.3580721,0
624.72,479.306666666667,0.829833984375,9833.0,7895.0,16.373841,0
623.58,471.2,0.8427734375,9941.0,8064.0,16.373841,0
623.295,469.426666666667,0.8310546875,9969.0,8093.0,16.3893219,0
622.5825,464.36,0.784912109375,10037.0,8173.0,16.405013,0
621.1575,458.913333333333,0.722412109375,10058.0,8302.0,16.4210582,0
619.59,454.1,0.659912109375,10128.0,8427.0,16.4362342,0
